Industry Sector,Application Group,Development Type,Development Platform,Language Type,Primary Programming Language,Functional Size,Adjusted Function Points,Normalised Work Effort Level 1,Project Elapsed Time,1st Data Base System,Used Methodology
Insurance,Business Application,New Development,MF,3GL,Java,620.0,620.0,18160.0,7.0,IMS,Don't Know
Government,Business Application,New Development,MF,3GL,COBOL,243.0,250.0,2924.0,8.0,DB2,Yes
Utilities,Business Application,New Development,MF,3GL,PL/I,163.0,152.0,668.0,9.0,DB2,Yes
Manufacturing,Business Application,New Development,Multi,4GL,SQL,702.0,702.0,4805.0,12.3,ORACLE,Don't Know
Service Industry,Business Application,New Development,PC,3GL,C#,90.0,101.0,2006.0,5.0,MS SQL,Yes
Service Industry,Business Application,New Development,MR,4GL,SQL,859.0,859.0,11372.0,12.0,ORACLE,Don't Know
Wholesale & Retail,Business Application,Enhancement,MF,3GL,COBOL,230.0,230.0,930.0,3.6,Unspecified,Don't Know
Service Industry,Business Application,Enhancement,MF,3GL,PL/I,304.0,304.0,5377.0,10.0,DB2,Yes
Government,Business Application,Enhancement,Multi,3GL,JavaScript,132.0,132.0,1485.0,12.0,MS SQL,Yes
Insurance,Business Application,Enhancement,MF,3GL,Visual Basic,217.0,217.0,6459.0,2.9,DB2,Don't Know
Service Industry,Business Application,New Development,MR,4GL,SQL,359.0,359.0,8580.0,8.5,ORACLE,Don't Know
Banking,Business Application,New Development,MF,ApG,TELON,74.0,74.0,804.0,8.0,DB2,Yes
Banking,Business Application,New Development,MF,3GL,COBOL,324.0,324.0,5867.0,12.0,IMS,Yes
Utilities,Business Application,New Development,Multi,4GL,Lotus Notes,193.0,193.0,1718.0,6.9,No,Don't Know
Banking,Business Application,Enhancement,MF,3GL,PL/I,218.0,218.0,4997.0,33.0,DB2,Don't Know
Government,Business Application,Enhancement,Multi,4GL,ABAP,249.0,249.0,2204.0,15.0,DB2,Yes
Communication,Business Application,Enhancement,MR,4GL,Oracle,340.0,391.0,676.0,7.0,ORACLE,Yes
Government,Business Application,Enhancement,Multi,3GL,C#,263.0,263.0,911.0,3.0,DB2,Yes
Insurance,Business Application,Enhancement,MF,4GL,Visual Basic,209.0,245.0,3532.0,13.0,ACCESS,Yes
Communication,Real-Time Application,Enhancement,PC,3GL,Java,70.0,77.0,436.0,1.0,ORACLE,Yes
Banking,Business Application,Enhancement,MF,3GL,PL/I,205.0,205.0,3280.0,7.7,IMS,Don't Know
Manufacturing,Business Application,New Development,Multi,4GL,SQL,749.0,749.0,4623.0,25.7,MS SQL,Don't Know
Financial,Real-Time Application,Enhancement,Multi,3GL,Visual Basic,159.0,159.0,2076.0,4.2,MS SQL,Don't Know
Banking,Business Application,New Development,MF,3GL,COBOL,200.0,200.0,1935.0,7.0,IMS,Yes
Insurance,Business Application,Enhancement,PC,3GL,Java,124.0,124.0,2800.0,5.0,DB2,Don't Know
Government,Business Application,New Development,PC,4GL,Lotus Notes,149.0,142.0,174.0,2.0,Domino,Yes
Government,Business Application,New Development,Multi,4GL,ABAP,228.0,228.0,2877.0,4.0,DB2,Yes
Communication,Mathematically-Intensive Application,Enhancement,MR,4GL,Pro*C,58.0,73.0,1536.0,5.0,ORACLE,Yes
Government,Business Application,Enhancement,Multi,3GL,PL/I,199.0,199.0,3746.0,9.0,DB2,Yes
Communication,Business Application,Enhancement,MR,3GL,C,407.0,407.0,1472.0,1.9,ORACLE,Don't Know
Government,Business Application,Enhancement,Multi,3GL,C#,270.0,270.0,3430.0,10.0,MS SQL,Yes
Government,Business Application,Enhancement,PC,4GL,Visual Basic,161.0,161.0,1146.0,5.0,ACCESS,Yes
Government,Business Application,New Development,Multi,3GL,C#,1337.0,1337.0,71729.0,38.0,MS SQL,Yes
Government,Business Application,New Development,Multi,3GL,C#,733.0,733.0,4544.0,13.0,DB2,Yes
Insurance,Business Application,Enhancement,Multi,3GL,Visual Basic,477.0,477.0,10341.0,3.0,Unspecified,Don't Know
Service Industry,Business Application,Enhancement,Multi,3GL,JavaScript,89.0,89.0,4036.0,5.0,DB2,Yes
Banking,Business Application,New Development,MF,3GL,COBOL,142.0,142.0,3090.0,9.0,IMS,Yes
Banking,Business Application,New Development,MR,3GL,C,599.0,599.0,9058.0,8.0,ORACLE,Don't Know
Wholesale & Retail,Business Application,New Development,PC,4GL,PowerBuilder,112.0,101.0,406.0,8.0,Watcom,No
Banking,Business Application,New Development,MF,3GL,COBOL,103.0,103.0,7808.0,39.0,IMS,Don't Know
Insurance,Business Application,Enhancement,Multi,3GL,Visual Basic,83.0,83.0,2280.0,4.0,Unspecified,Don't Know
Government,Business Application,Enhancement,Multi,3GL,Visual Basic,287.0,287.0,10157.0,27.6,No,Yes
Banking,Business Application,New Development,MF,ApG,TELON,109.0,109.0,2212.0,9.0,IMS,Yes
Insurance,Business Application,New Development,PC,3GL,Visual Basic,424.0,424.0,6944.0,6.9,MS SQL,Don't Know
Government,Business Application,Enhancement,Multi,3GL,COBOL,344.0,344.0,5621.0,12.0,IMS,Yes
Insurance,Business Application,Enhancement,MF,3GL,COBOL,470.0,470.0,1968.0,5.0,IMS,Don't Know
Government,Business Application,New Development,MF,3GL,COBOL,35.0,35.0,1828.0,18.0,DB2,Yes
Government,Business Application,Enhancement,MF,3GL,PL/I,736.0,736.0,12970.0,15.0,DB2,Yes
Insurance,Business Application,Enhancement,PC,4GL,Access,479.0,479.0,1183.0,5.0,ACCESS,Don't Know
Service Industry,Business Application,New Development,PC,3GL,C#,95.0,95.0,1044.0,10.0,No,Yes
Service Industry,Business Application,Enhancement,MF,3GL,PL/I,2592.0,2592.0,1716.0,12.0,Yes,Don't Know
Manufacturing,Real-Time Application,New Development,Multi,3GL,C,153.0,153.0,4794.0,7.0,ORACLE,Don't Know
Government,Business Application,Enhancement,MF,3GL,COBOL,6.0,6.0,180.0,6.0,DB2,Yes
Insurance,Business Application,Enhancement,Multi,4GL,Visual Basic,1023.0,1023.0,1446.0,2.9,ACCESS,Don't Know
Insurance,Business Application,Enhancement,Multi,3GL,Visual Basic,344.0,344.0,12498.0,3.0,No,Don't Know
Insurance,Business Application,Enhancement,Multi,4GL,Visual Basic,107.0,107.0,975.0,3.0,ORACLE,Don't Know
Service Industry,Business Application,Enhancement,Multi,4GL,PowerBuilder,696.0,696.0,6023.0,13.0,ORACLE,Yes
Manufacturing,Business Application,New Development,PC,4GL,ASP,302.0,302.0,679.0,2.0,MS SQL,Don't Know
Financial,Business Application,Enhancement,PC,3GL,C++,538.0,699.0,8060.0,12.0,ORACLE,Yes
Banking,Business Application,Enhancement,MF,3GL,PL/I,30.0,30.0,822.0,4.0,DB2,Don't Know
Manufacturing,Business Application,Enhancement,Multi,3GL,C,116.0,116.0,1512.0,3.8,ORACLE,Don't Know
Financial,Business Application,Enhancement,PC,3GL,C++,119.0,155.0,7150.0,12.0,ORACLE,Yes
Professional Services,Business Application,New Development,MF,4GL,SAS,800.0,800.0,5880.0,24.0,SAS,No
Insurance,Business Application,Enhancement,Multi,3GL,Visual Basic,425.0,425.0,4855.0,3.0,Unspecified,Don't Know
Manufacturing,Business Application,New Development,MR,3GL,C,537.0,537.0,3748.0,4.7,ORACLE,Don't Know
Government,Mathematically-Intensive Application,New Development,Multi,3GL,C#,777.0,777.0,7119.0,20.0,MS SQL,Yes
Government,Business Application,New Development,MF,3GL,PL/I,412.0,412.0,5864.0,20.0,MS SQL,Yes
Communication,Business Application,Enhancement,MR,4GL,Oracle,322.0,348.0,973.0,3.0,ORACLE,Yes
Government,Business Application,New Development,MF,3GL,COBOL,180.0,194.0,3624.0,5.0,DB2,Yes
Construction,Business Application,New Development,Multi,3GL,COBOL,2583.0,2583.0,22960.0,9.1,ORACLE,Don't Know
Government,Business Application,New Development,Multi,3GL,C#,259.0,259.0,8963.0,20.0,DB2,Yes
Service Industry,Business Application,New Development,Multi,4GL,ABAP,396.0,396.0,6051.0,16.0,DB2,Yes
Insurance,Business Application,Enhancement,MF,3GL,PL/I,265.0,286.0,1464.0,6.0,DB2,Yes
Government,Business Application,Enhancement,Multi,3GL,PL/I,367.0,367.0,2930.0,12.0,DB2,Yes
Communication,Business Application,Enhancement,PC,4GL,Oracle,100.0,104.0,2321.0,5.0,ORACLE,Yes
Banking,Business Application,Enhancement,MR,3GL,C++,1307.0,1307.0,6600.0,5.0,HIRDB,Don't Know
Communication,Business Application,Enhancement,PC,4GL,Visual Basic,500.0,465.0,4054.0,13.0,MS SQL,Yes
Government,Business Application,Enhancement,MF,3GL,PL/I,144.0,144.0,809.0,5.0,DB2,Yes
Banking,Business Application,New Development,MF,3GL,COBOL,445.0,445.0,8499.0,8.0,IMS,Yes
Insurance,Business Application,New Development,Multi,3GL,Visual Basic,231.0,231.0,3045.0,2.0,No,Don't Know
Government,Business Application,Enhancement,MF,3GL,COBOL,113.0,113.0,6710.0,12.0,IMS,Yes
Communication,Business Application,Enhancement,MF,3GL,COBOL,650.0,728.0,943.0,18.0,DB2,Yes
Insurance,Business Application,Enhancement,Multi,4GL,Visual Basic,165.0,165.0,850.0,2.0,ORACLE,Don't Know
Electronics & Computers,Business Application,Re-development,PC,3GL,Java,615.0,738.0,2786.0,7.0,DB2,Yes
Insurance,Business Application,Enhancement,Multi,3GL,Visual Basic,981.0,981.0,25837.0,6.0,Unspecified,Don't Know
Insurance,Business Application,Enhancement,Multi,3GL,Visual Basic,140.0,140.0,2202.0,3.0,No,Don't Know
Communication,Business Application,Enhancement,PC,3GL,Java,445.0,548.0,3153.0,6.0,ORACLE,Yes
Service Industry,Business Application,New Development,PC,4GL,ASP,786.0,786.0,7496.0,8.6,MS SQL,Don't Know
Government,Business Application,Enhancement,Multi,4GL,ABAP,334.0,334.0,2648.0,9.0,DB2,Yes
Communication,Business Application,New Development,PC,4GL,SQL,239.0,239.0,678.0,8.0,ORACLE,Yes
Insurance,Business Application,Enhancement,MF,3GL,COBOL,227.0,227.0,2700.0,6.0,IMS,Don't Know
Manufacturing,Business Application,Enhancement,Multi,3GL,Shell,95.0,95.0,350.0,2.1,ORACLE,Yes
Insurance,Business Application,New Development,Multi,3GL,Visual Basic,92.0,92.0,3889.0,4.0,No,Don't Know
Insurance,Business Application,Enhancement,MF,3GL,COBOL,51.0,51.0,966.0,3.0,IMS,Don't Know
Manufacturing,Real-Time Application,New Development,Multi,3GL,C++,120.0,120.0,3287.0,7.9,No,Don't Know
Government,Business Application,New Development,PC,4GL,Access,507.0,527.0,650.0,6.0,ACCESS,No
Utilities,Business Application,New Development,MR,4GL,SQL,575.0,610.0,950.0,3.0,ORACLE,Yes
Insurance,Business Application,Enhancement,Multi,3GL,Visual Basic,139.0,139.0,6700.0,4.0,Unspecified,Don't Know
Manufacturing,Business Application,New Development,Multi,3GL,Visual Basic,74.0,74.0,835.0,4.0,ORACLE,Don't Know
Banking,Business Application,Enhancement,MF,3GL,PL/I,136.0,136.0,4326.0,5.6,IMS,Don't Know
Service Industry,Real-Time Application,Enhancement,PC,4GL,ASP,133.0,133.0,352.0,6.0,MS SQL,Yes
Manufacturing,Business Application,New Development,PC,4GL,Visual Basic,528.0,528.0,4750.0,7.4,ORACLE,Don't Know
Professional Services,Business Application,New Development,PC,3GL,HTML,1588.0,1588.0,12564.0,7.1,ORACLE,Yes
Financial,Business Application,New Development,Multi,4GL,Lotus Notes,293.0,293.0,1327.0,2.5,Domino,Don't Know
Communication,Business Application,New Development,MR,3GL,PL/SQL,170.0,170.0,5950.0,4.5,ORACLE,Don't Know
Service Industry,Business Application,Enhancement,PC,3GL,PL/SQL,50.0,50.0,1136.0,5.0,ORACLE,Don't Know
Financial,Business Application,New Development,Multi,4GL,PowerBuilder,366.0,366.0,3410.0,4.0,ORACLE,Don't Know
Financial,Business Application,Enhancement,PC,3GL,C++,2521.0,2824.0,57156.0,12.0,ORACLE,Yes
Manufacturing,Business Application,New Development,MF,3GL,RPG,405.0,405.0,876.0,3.0,IMS,Don't Know
Government,Business Application,New Development,Multi,3GL,PL/I,1018.0,1018.0,60826.0,20.0,DB2,Yes
Government,Business Application,Enhancement,Multi,3GL,PL/I,208.0,208.0,3482.0,8.0,DB2,Yes
Banking,Business Application,New Development,MF,3GL,PL/I,65.0,65.0,398.0,1.4,IMS,Don't Know
Government,Business Application,New Development,PC,3GL,Java,751.0,751.0,3114.0,2.8,ORACLE,Yes
Government,Business Application,New Development,MF,3GL,COBOL,119.0,126.0,2660.0,10.0,DB2,Yes
Government,Business Application,Enhancement,MF,3GL,PL/I,77.0,77.0,870.0,6.0,DB2,Yes
Government,Business Application,Enhancement,PC,3GL,C/AL,3088.0,3088.0,4266.0,8.0,Attain,Yes
Utilities,Business Application,New Development,MF,3GL,PL/I,100.0,82.0,440.0,3.0,IMS,Yes
Government,Business Application,Enhancement,Multi,3GL,C#,154.0,154.0,2009.0,4.0,No,Yes
Insurance,Business Application,Enhancement,MF,3GL,COBOL,121.0,121.0,515.0,3.0,DB2,Don't Know
Insurance,Business Application,Enhancement,MF,3GL,Visual Basic,327.0,327.0,10360.0,3.0,DB2,Don't Know
Insurance,Business Application,Enhancement,MF,3GL,Visual Basic,120.0,120.0,3080.0,3.0,DB2,Don't Know
Financial,Business Application,New Development,PC,4GL,Visual C++,1521.0,1521.0,3857.0,6.0,NCR,Don't Know
Banking,Business Application,New Development,MF,3GL,PL/I,192.0,192.0,4386.0,3.0,DB2,Don't Know
Construction,Business Application,Enhancement,Multi,3GL,Visual Basic,82.0,82.0,742.0,2.6,ORACLE,Don't Know
Manufacturing,Business Application,New Development,Multi,4GL,Visual Basic,2120.0,2120.0,11830.0,9.0,ORACLE,Don't Know
Government,Business Application,Enhancement,MF,3GL,PL/I,235.0,235.0,5548.0,16.0,Unspecified,Yes
Manufacturing,Business Application,New Development,MF,4GL,Visual Basic,1694.0,1694.0,6400.0,10.9,ORACLE,Don't Know
Service Industry,Business Application,Enhancement,Multi,3GL,C#,695.0,695.0,19606.0,19.0,DB2,Yes
Service Industry,Business Application,New Development,Multi,3GL,C#,235.0,235.0,5374.0,11.0,DB2,Yes
Government,Business Application,Enhancement,MF,3GL,COBOL,72.0,58.0,381.0,2.0,DB2,Yes
Government,Mathematically-Intensive Application,Re-development,Multi,4GL,ABAP,610.0,610.0,5329.0,16.0,ORACLE,Yes
Insurance,Business Application,Enhancement,Multi,3GL,Visual Basic,385.0,385.0,7352.0,3.1,Unspecified,Don't Know
Insurance,Business Application,Enhancement,PC,3GL,Java,1753.0,1753.0,7368.0,3.0,DB2,Yes
Government,Business Application,New Development,Multi,3GL,Java,430.0,430.0,2891.0,11.0,DB2,Yes
Government,Business Application,Enhancement,Multi,3GL,C#,827.0,827.0,1593.0,8.0,DB2,Yes
Government,Business Application,New Development,PC,3GL,C#,494.0,494.0,8706.0,21.0,DB2,Yes
Manufacturing,Business Application,New Development,Multi,4GL,Visual Basic,6294.0,6294.0,57749.0,10.0,ORACLE,Don't Know
Government,Business Application,Re-development,MF,4GL,COBOL,229.0,204.0,8111.0,36.0,IMS,No
Communication,Business Application,Enhancement,Multi,3GL,C,1369.0,1369.0,2499.0,3.0,SYBASE,Don't Know
Utilities,Business Application,New Development,Multi,4GL,ABAP,461.0,461.0,12149.0,17.0,Unspecified,Yes
Manufacturing,Business Application,New Development,Multi,4GL,OutlookVBA,182.0,182.0,330.0,2.1,Exchange,Don't Know
Manufacturing,Business Application,Enhancement,MF,3GL,COBOL,17.0,17.0,762.0,11.0,Unspecified,No
Professional Services,Business Application,New Development,MR,3GL,Java,435.0,435.0,4045.0,3.9,ORACLE,Don't Know
Government,Business Application,New Development,MF,3GL,COBOL,253.0,253.0,6232.0,8.0,DB2,Yes
Banking,Business Application,Enhancement,MF,3GL,PL/I,46.0,46.0,640.0,2.4,IMS,Don't Know
Financial,Business Application,Enhancement,PC,3GL,C++,626.0,814.0,6685.0,12.0,ORACLE,Yes
Government,Business Application,Enhancement,MF,3GL,COBOL,49.0,45.0,284.0,7.0,Unspecified,Yes
Insurance,Business Application,Enhancement,MF,3GL,COBOL,88.0,88.0,805.0,6.0,IMS,Don't Know
Insurance,Business Application,New Development,PC,4GL,Visual Basic,1236.0,1236.0,2504.0,16.9,MS SQL,Don't Know
Insurance,Business Application,New Development,MF,3GL,COBOL,176.0,176.0,2811.0,2.8,IMS,Don't Know
Government,Business Application,Enhancement,PC,4GL,PowerBuilder,401.0,401.0,3558.0,9.0,ORACLE,Yes
Insurance,Business Application,Enhancement,Multi,3GL,Visual Basic,54.0,54.0,2396.0,2.9,MS SQL,Don't Know
Government,Business Application,New Development,PC,3GL,C#,202.0,202.0,7602.0,8.0,MS SQL,Yes
Government,Business Application,Enhancement,MF,3GL,PL/I,146.0,146.0,2982.0,10.0,Yes,Yes
Communication,Mathematically-Intensive Application,Enhancement,PC,3GL,C++,430.0,541.0,1524.0,6.0,ORACLE,Yes
Government,Business Application,Enhancement,Multi,4GL,ABAP,883.0,883.0,10004.0,13.0,DB2,Yes
Professional Services,Business Application,New Development,MR,3GL,Java,297.0,297.0,2762.0,3.9,ORACLE,Don't Know
Professional Services,Business Application,New Development,MR,3GL,Java,1285.0,1285.0,11949.0,3.9,ORACLE,Don't Know
Insurance,Business Application,New Development,MF,3GL,COBOL,60.0,60.0,1760.0,2.9,DB2,Don't Know
Government,Business Application,Enhancement,Multi,3GL,PL/I,44.0,44.0,934.0,6.0,DB2,Yes
Insurance,Business Application,Enhancement,MF,3GL,Java,413.0,413.0,2982.0,3.0,IMS,Don't Know
Insurance,Business Application,Enhancement,MF,3GL,COBOL,106.0,106.0,1599.0,3.0,DB2,Don't Know
Government,Business Application,New Development,MF,3GL,COBOL,316.0,351.0,5023.0,13.0,DB2,Yes
Communication,Business Application,Enhancement,PC,4GL,Oracle,52.0,54.0,686.0,1.0,ORACLE,Yes
Insurance,Business Application,New Development,PC,4GL,Visual Basic,299.0,245.0,470.0,13.0,Yes,No
Government,Business Application,New Development,MF,3GL,COBOL,57.0,63.0,623.0,1.0,DB2,Yes
Government,Business Application,Enhancement,MF,3GL,COBOL,42.0,45.0,647.0,6.0,DB2,Yes
Government,Business Application,Enhancement,Multi,3GL,PL/I,212.0,212.0,2337.0,11.0,DB2,Yes
Government,Business Application,Enhancement,MF,4GL,NATURAL,280.0,300.0,2933.0,10.0,ADABAS,No
Professional Services,Business Application,New Development,MF,3GL,COBOL,6000.0,6000.0,55860.0,20.0,DB2,No
Financial,Business Application,New Development,MF,4GL,Unspecified,234.0,234.0,1932.0,3.0,DB2,Yes
Service Industry,Business Application,Enhancement,Multi,3GL,Visual Basic,249.0,249.0,4551.0,9.0,ORACLE,Yes
Wholesale & Retail,Business Application,New Development,MR,3GL,COBOL,829.0,779.0,3377.0,26.0,ORACLE,No
Government,Business Application,New Development,Multi,4GL,ABAP,279.0,279.0,4628.0,14.0,DB2,Yes
Government,Business Application,Enhancement,Multi,3GL,PL/I,344.0,344.0,5963.0,7.0,DB2,Yes
Insurance,Business Application,New Development,Multi,4GL,Visual Basic,358.0,358.0,2389.0,2.9,MS SQL,Don't Know
Service Industry,Business Application,New Development,PC,3GL,C#,127.0,146.0,1972.0,11.0,MS SQL,Yes
Service Industry,Business Application,Enhancement,PC,3GL,Visual Basic,245.0,245.0,1149.0,7.0,MS SQL,Yes
Manufacturing,Business Application,New Development,Multi,4GL,Visual Basic,1265.0,1265.0,10770.0,9.0,ORACLE,Don't Know
Communication,Business Application,Enhancement,MR,4GL,SQL,57.0,58.0,26.0,2.0,ORACLE,Yes
Government,Business Application,Enhancement,Multi,4GL,ASP,109.0,109.0,1090.0,6.0,MS SQL,Yes
Banking,Business Application,New Development,MF,3GL,COBOL,213.0,213.0,4044.0,6.0,IMS,Yes
Communication,Business Application,New Development,PC,4GL,Visual Basic,257.0,244.0,906.0,3.0,MS SQL,Yes
Service Industry,Business Application,Enhancement,Multi,3GL,C#,329.0,329.0,5760.0,9.0,No,Yes
Government,Business Application,Enhancement,MF,3GL,PL/I,244.0,244.0,6997.0,6.0,DB2,Yes
Financial,Business Application,Enhancement,Multi,4GL,SQL,169.0,169.0,778.0,5.0,MS SQL,Yes
Financial,Business Application,Enhancement,PC,3GL,C++,1317.0,1475.0,13353.0,12.0,ORACLE,Yes
Communication,Business Application,New Development,MR,4GL,SQL,2221.0,2376.0,25482.0,24.0,ORACLE,Yes
Banking,Business Application,Enhancement,MF,3GL,PL/I,10.0,10.0,3871.0,13.0,DB2,Don't Know
Manufacturing,Business Application,New Development,MF,3GL,Java,1075.0,1075.0,34023.0,23.0,DB2,Yes
Service Industry,Business Application,Enhancement,MF,3GL,PL/I,312.0,312.0,7406.0,6.0,DB2,Yes
Government,Business Application,Enhancement,MF,3GL,COBOL,29.0,32.0,237.0,1.0,DB2,Yes
Communication,Business Application,Enhancement,PC,3GL,COBOL,96.0,90.0,494.0,2.0,DB2,Yes
Government,Business Application,Enhancement,Multi,3GL,Visual Basic,111.0,111.0,4907.0,9.6,No,Yes
Government,Business Application,Enhancement,Multi,3GL,COBOL,500.0,500.0,21700.0,24.0,IMS,Yes
Financial,Business Application,New Development,PC,3GL,Visual Basic,327.0,327.0,2464.0,14.0,ACCESS,Yes
Government,Business Application,New Development,Multi,3GL,Java,51.0,51.0,664.0,3.0,ORACLE,Yes
Service Industry,Business Application,Enhancement,Multi,3GL,PL/I,212.0,212.0,2966.0,11.0,DB2,Yes
Government,Business Application,Enhancement,Multi,3GL,C#,331.0,331.0,3806.0,7.0,DB2,Yes
Manufacturing,Business Application,Enhancement,Multi,4GL,Lotus Notes,261.0,261.0,616.0,3.4,Domino,Don't Know
Banking,Business Application,New Development,MF,3GL,COBOL,158.0,158.0,781.0,39.0,IMS,Don't Know
Financial,Business Application,Enhancement,Multi,4GL,PowerBuilder,531.0,531.0,216.0,3.0,ORACLE,Don't Know
Insurance,Business Application,Enhancement,Multi,3GL,Visual Basic,967.0,967.0,13321.0,3.0,Unspecified,Don't Know
Government,Business Application,Enhancement,Multi,3GL,COBOL,335.0,335.0,4879.0,12.0,IMS,Yes
Government,Business Application,Enhancement,MF,3GL,PL/I,123.0,123.0,1050.0,6.0,DB2,Yes
Government,Business Application,New Development,Multi,3GL,Java,120.0,120.0,1400.0,6.0,ORACLE,Yes
Government,Business Application,Enhancement,Multi,3GL,Visual Basic,601.0,601.0,9163.0,9.6,No,Yes
Government,Infrastructure Software,Enhancement,Multi,4GL,ABAP,682.0,682.0,7820.0,17.0,DB2,Yes
Government,Business Application,New Development,PC,4GL,Lotus Notes,207.0,221.0,684.0,8.0,Domino,Yes
Government,Business Application,New Development,MF,3GL,COBOL,105.0,98.0,1000.0,5.0,DB2,Yes
Government,Business Application,Enhancement,MF,3GL,COBOL,149.0,149.0,3921.0,8.0,Yes,No
Manufacturing,Business Application,Enhancement,MF,3GL,COBOL,560.0,560.0,752.0,1.1,IMS,Don't Know
Communication,Business Application,New Development,PC,4GL,Visual Basic,201.0,187.0,562.0,6.0,ACCESS,Yes
Service Industry,Business Application,Enhancement,Multi,4GL,SQL,497.0,497.0,2208.0,11.5,ORACLE,Don't Know
Insurance,Business Application,Enhancement,MF,3GL,Java,203.0,203.0,5754.0,3.0,IMS,Don't Know
Banking,Business Application,New Development,MF,3GL,COBOL,116.0,116.0,2180.0,5.0,IMS,Yes
Banking,Business Application,Enhancement,MF,3GL,COBOL,73.0,73.0,1404.0,8.0,IMS,Yes
Mining,Real-Time Application,Enhancement,MF,3GL,COBOL,467.0,467.0,1950.0,4.0,DB2,Don't Know
Insurance,Business Application,Enhancement,Multi,3GL,Visual Basic,307.0,307.0,14211.0,3.0,Unspecified,Don't Know
Manufacturing,Business Application,Enhancement,MF,3GL,Java,1557.0,1557.0,6525.0,5.9,ORACLE,Don't Know
Professional Services,Business Application,Re-development,PC,4GL,Visual Basic,1072.0,1168.0,10576.0,14.0,MS SQL,Yes
Government,Business Application,New Development,Multi,3GL,Java,107.0,107.0,1824.0,6.0,ORACLE,Yes
Banking,Business Application,Enhancement,MR,3GL,C,19.0,19.0,155.0,1.9,ORACLE,Don't Know
Service Industry,Business Application,Enhancement,PC,4GL,ASP,196.0,196.0,2800.0,10.0,DB2,Yes
Government,Business Application,Enhancement,MF,3GL,PL/I,117.0,117.0,2779.0,8.0,DB2,Yes
Government,Business Application,Enhancement,Multi,4GL,ABAP,587.0,587.0,4492.0,13.0,DB2,Yes
Insurance,Business Application,Enhancement,Multi,3GL,Java,337.0,286.0,8332.0,7.0,DB2,Yes
Government,Business Application,Enhancement,Multi,3GL,COBOL,247.0,247.0,5971.0,12.0,IMS,Yes
Communication,Business Application,Enhancement,MR,4GL,SQL,389.0,416.0,1586.0,6.0,ORACLE,Yes
Service Industry,Business Application,New Development,Multi,3GL,PL/SQL,307.0,307.0,4404.0,6.0,ORACLE,Don't Know
Government,Business Application,New Development,MF,4GL,Access,46.0,43.0,331.0,4.0,Yes,No
Medical & Health Care,Business Application,New Development,Multi,4GL,Lotus Notes,496.0,496.0,742.0,2.9,Domino,Don't Know
Government,Business Application,New Development,MF,3GL,COBOL,367.0,473.0,6371.0,10.0,DB2,Yes
Government,Business Application,New Development,MF,3GL,COBOL,39.0,42.0,588.0,7.0,DB2,Yes
Government,Business Application,Enhancement,PC,3GL,Java,930.0,930.0,1036.0,0.6,ORACLE,Yes
Manufacturing,Business Application,New Development,Multi,3GL,PL/SQL,470.0,470.0,392.0,1.8,ORACLE,Yes
Banking,Business Application,New Development,MR,3GL,HTML,694.0,694.0,14992.0,4.9,ORACLE,Don't Know
Government,Business Application,Enhancement,Multi,3GL,COBOL,393.0,393.0,19306.0,10.0,IMS,Yes
Service Industry,Business Application,Enhancement,MF,3GL,PL/I,74.0,74.0,633.0,6.0,DB2,Yes
Communication,Business Application,Enhancement,Multi,3GL,C,230.0,230.0,1249.0,3.1,SYBASE,Don't Know
Banking,Business Application,Enhancement,MF,3GL,PL/I,89.0,89.0,508.0,2.1,IMS,Don't Know
Insurance,Business Application,New Development,MR,3GL,C,522.0,522.0,7063.0,10.0,DB2,Don't Know
Utilities,Business Application,New Development,PC,4GL,Visual Basic,554.0,554.0,3700.0,18.0,DB2,No
Financial,Business Application,Enhancement,MF,3GL,PL/I,556.0,556.0,1624.0,4.0,IMS,Yes
Government,Business Application,Enhancement,Multi,3GL,C#,337.0,337.0,11680.0,11.0,DB2,Yes
Banking,Business Application,Enhancement,Multi,4GL,Visual Basic,44.0,44.0,234.0,2.5,ORACLE,Don't Know
Insurance,Business Application,Enhancement,MF,3GL,COBOL,132.0,132.0,4451.0,4.0,DB2,Don't Know
Government,Mathematically-Intensive Application,Enhancement,Multi,3GL,C#,392.0,392.0,15729.0,28.0,DB2,Yes
Electronics & Computers,Business Application,Enhancement,Multi,4GL,Visual Basic,201.0,201.0,450.0,6.0,Exchange,Don't Know
Banking,Business Application,Enhancement,MF,3GL,PL/I,56.0,56.0,980.0,4.0,DB2,Don't Know
Service Industry,Business Application,New Development,Multi,3GL,Visual Basic,577.0,577.0,2944.0,5.0,DB2,Don't Know
Banking,Business Application,New Development,MF,4GL,EASYTRIEVE,71.0,71.0,737.0,6.0,IMS,Yes
Service Industry,Business Application,Enhancement,PC,4GL,Visual Basic,110.0,110.0,596.0,6.0,ACCESS,Yes
Government,Business Application,Enhancement,Multi,3GL,PL/I,119.0,119.0,2055.0,11.0,DB2,Yes
Government,Business Application,Enhancement,Multi,3GL,C#,264.0,264.0,4516.0,16.0,DB2,Yes
Manufacturing,Business Application,Enhancement,MF,3GL,Java,925.0,925.0,2881.0,2.7,ORACLE,Don't Know
Manufacturing,Business Application,New Development,Multi,4GL,Visual Basic,920.0,920.0,3201.0,10.0,ORACLE,Don't Know
Government,Business Application,Enhancement,MF,3GL,COBOL,80.0,74.0,869.0,1.0,DB2,Yes
Government,Business Application,New Development,MF,3GL,COBOL,121.0,122.0,2703.0,7.0,DB2,Yes
Insurance,Business Application,Enhancement,MF,3GL,Java,155.0,155.0,1974.0,3.0,IMS,Don't Know
Manufacturing,Business Application,Enhancement,Multi,4GL,SQL,126.0,126.0,1442.0,12.0,ORACLE,Don't Know
Government,Business Application,New Development,Multi,3GL,Java,51.0,51.0,3712.0,12.0,ORACLE,Yes
Communication,Real-Time Application,Enhancement,PC,4GL,Visual Basic,70.0,73.0,764.0,3.0,ACCESS,Yes
Professional Services,Business Application,New Development,MF,3GL,COBOL,755.0,755.0,7350.0,24.0,DB2,No
Government,Business Application,New Development,PC,4GL,ASP,795.0,795.0,2187.0,9.0,MS SQL,Yes
Government,Business Application,New Development,Multi,3GL,Java,127.0,127.0,1536.0,6.0,ORACLE,Yes
Communication,Real-Time Application,Enhancement,PC,3GL,Pro*C,137.0,151.0,2194.0,3.0,ORACLE,Yes
Insurance,Business Application,Enhancement,Multi,4GL,Visual Basic,251.0,251.0,1716.0,2.9,MS SQL,Don't Know
Utilities,Business Application,Re-development,MF,3GL,PL/I,125.0,100.0,330.0,11.0,DB2,Yes
Manufacturing,Business Application,New Development,Multi,4GL,Visual Basic,1387.0,1387.0,1225.0,2.7,ORACLE,Don't Know
Service Industry,Business Application,Enhancement,Multi,3GL,C#,219.0,219.0,3080.0,12.0,DB2,Yes
Banking,Business Application,New Development,PC,3GL,C,29.0,29.0,395.0,6.0,Yes,Don't Know
Manufacturing,Business Application,New Development,PC,3GL,Java,246.0,246.0,742.0,5.0,DB2,Don't Know
Communication,Real-Time Application,Enhancement,PC,3GL,Pro*C,58.0,55.0,534.0,11.0,ORACLE,Yes
Manufacturing,Business Application,New Development,MR,3GL,Java,473.0,473.0,2000.0,2.0,ORACLE,Don't Know
Government,Business Application,Enhancement,MF,3GL,COBOL,32.0,31.0,300.0,2.0,DB2,Yes
Government,Business Application,New Development,MF,3GL,COBOL,138.0,138.0,2038.0,3.0,DB2,Yes
Government,Business Application,Enhancement,MF,3GL,PL/I,198.0,198.0,2119.0,10.0,DB2,Yes
Banking,Business Application,New Development,MF,3GL,COBOL,301.0,301.0,3631.0,12.0,IMS,Yes
Insurance,Business Application,Enhancement,Multi,3GL,Visual Basic,180.0,180.0,9292.0,3.0,Unspecified,Don't Know
Service Industry,Business Application,Enhancement,Multi,3GL,Visual Basic,361.0,361.0,13151.0,24.0,DB2,Yes
Government,Business Application,New Development,Multi,3GL,Java,260.0,260.0,4184.0,9.0,ORACLE,Yes
Insurance,Business Application,Enhancement,MR,3GL,Java,18.0,18.0,2803.0,3.0,DB2,Don't Know
Insurance,Business Application,New Development,MF,3GL,COBOL,157.0,157.0,3436.0,2.0,DB2,Don't Know
Banking,Business Application,New Development,MF,4GL,Visual Basic,385.0,385.0,2761.0,7.0,ACCESS,Yes
Banking,Business Application,New Development,MF,3GL,COBOL,124.0,124.0,616.0,4.0,IMS,Yes
Communication,Business Application,Enhancement,MR,4GL,Visual Basic,261.0,264.0,2639.0,6.0,ORACLE,Yes
Manufacturing,Business Application,New Development,Multi,4GL,Visual Basic,177.0,177.0,1570.0,1.8,ORACLE,Don't Know
Manufacturing,Business Application,New Development,Multi,3GL,Visual Basic,2845.0,2845.0,28422.0,10.0,ORACLE,Don't Know
Manufacturing,Business Application,New Development,Multi,4GL,Visual Basic,2509.0,2509.0,19989.0,10.0,ORACLE,Don't Know
Manufacturing,Business Application,New Development,MF,3GL,RPG,381.0,381.0,816.0,2.0,DB2,Don't Know
Government,Mathematically-Intensive Application,Re-development,Multi,4GL,ABAP,489.0,489.0,3907.0,19.0,DB2,Yes
Banking,Business Application,New Development,MF,4GL,EASYTRIEVE,95.0,95.0,1231.0,7.0,IMS,Yes
Insurance,Business Application,New Development,PC,3GL,Java,94.0,94.0,1830.0,3.4,Yes,Don't Know
Wholesale & Retail,Business Application,Enhancement,MR,4GL,ABAP,1160.0,1160.0,16960.0,7.1,ORACLE,Don't Know
Government,Business Application,Enhancement,MF,3GL,COBOL,41.0,41.0,666.0,5.0,DB2,Yes
Government,Business Application,New Development,MF,3GL,COBOL,160.0,171.0,4742.0,9.0,DB2,Yes
Communication,Business Application,Enhancement,PC,3GL,Java,98.0,98.0,184.0,1.0,Solid,Don't Know
Insurance,Business Application,Enhancement,MF,3GL,COBOL,3622.0,3622.0,14573.0,5.0,IMS,Yes
Communication,Business Application,Enhancement,MR,3GL,C++,299.0,322.0,5242.0,13.0,ORACLE,Yes
Service Industry,Business Application,New Development,Multi,3GL,C#,274.0,274.0,6910.0,9.0,DB2,Yes
Communication,Real-Time Application,Enhancement,Multi,3GL,C++,116.0,151.0,1400.0,7.0,ORACLE,Yes
Government,Business Application,Enhancement,Multi,3GL,PL/I,335.0,335.0,19706.0,27.0,DB2,Yes
Banking,Business Application,New Development,MF,4GL,EASYTRIEVE,72.0,72.0,1824.0,4.0,IMS,Yes
Insurance,Business Application,Enhancement,Multi,3GL,Visual Basic,365.0,365.0,8277.0,3.0,Unspecified,Don't Know
Service Industry,Business Application,Enhancement,Multi,3GL,C#,222.0,222.0,2121.0,7.0,DB2,Yes
Electronics & Computers,Business Application,New Development,PC,4GL,Visual Basic,235.0,235.0,781.0,4.5,ORACLE,Don't Know
Government,Business Application,Enhancement,Multi,3GL,COBOL,205.0,205.0,8442.0,12.0,IMS,Yes
Communication,Business Application,Enhancement,PC,4GL,Oracle,390.0,406.0,5639.0,7.0,ORACLE,Yes
Insurance,Business Application,New Development,MF,3GL,COBOL,161.0,161.0,9808.0,8.4,IMS,Don't Know
Insurance,Business Application,Enhancement,MF,3GL,COBOL,150.0,150.0,2218.0,5.0,IMS,Don't Know
Government,Business Application,Re-development,MF,3GL,COBOL,609.0,713.0,16570.0,8.0,DB2,Yes
Banking,Business Application,New Development,MF,3GL,COBOL,64.0,64.0,1073.0,1.0,IMS,Yes
Government,Business Application,Enhancement,Multi,3GL,C#,414.0,414.0,2274.0,8.0,DB2,Yes
Financial,Business Application,Enhancement,PC,3GL,C++,938.0,1050.0,11022.0,12.0,ORACLE,Yes
Financial,Business Application,New Development,Multi,4GL,Visual Basic,476.0,476.0,64.0,6.9,SYBASE,Don't Know
Government,Business Application,Enhancement,Multi,4GL,ABAP,285.0,285.0,2973.0,8.0,DB2,Yes
Construction,Business Application,New Development,Multi,4GL,Lotus Notes,155.0,155.0,484.0,1.5,Domino,Don't Know
Government,Business Application,Enhancement,Multi,4GL,Visual Studio .Net,153.0,153.0,1882.0,7.0,DB2,Yes
Government,Business Application,New Development,Multi,3GL,Visual Basic,307.0,307.0,11165.0,15.0,MS SQL,Yes
Communication,Business Application,Enhancement,MR,4GL,SQL,157.0,182.0,1000.0,5.0,ORACLE,Yes
Government,Business Application,Enhancement,MF,3GL,PL/I,545.0,545.0,8740.0,11.0,DB2,Yes
Wholesale & Retail,Business Application,New Development,Multi,3GL,PL/SQL,298.0,298.0,1950.0,7.0,ORACLE,Don't Know
Financial,Business Application,New Development,Multi,4GL,PowerBuilder,281.0,281.0,4030.0,3.0,ORACLE,Don't Know
Communication,Business Application,Enhancement,MF,3GL,COBOL,27.0,27.0,810.0,4.0,DB2,Yes
Government,Business Application,Enhancement,MF,3GL,COBOL,34.0,33.0,165.0,2.0,DB2,Yes
Government,Business Application,Enhancement,Multi,3GL,C#,960.0,960.0,9261.0,7.0,DB2,Yes
Government,Business Application,Enhancement,Multi,4GL,ABAP,381.0,381.0,22460.0,12.0,DB2,Yes
Manufacturing,Business Application,New Development,PC,4GL,ASP,242.0,242.0,626.0,2.5,ORACLE,Yes
Insurance,Business Application,Enhancement,MF,3GL,Visual Basic,223.0,223.0,6111.0,3.0,DB2,Don't Know
Government,Business Application,New Development,Multi,4GL,Datastage,331.0,331.0,4172.0,33.0,DB2,Yes
Insurance,Business Application,Enhancement,MF,3GL,PL/I,124.0,124.0,3639.0,9.0,DB2,Yes
Service Industry,Business Application,Enhancement,Multi,3GL,PL/I,121.0,121.0,2706.0,9.0,DB2,Yes
Government,Business Application,Enhancement,Multi,3GL,PL/I,455.0,455.0,9301.0,14.0,DB2,Yes
Banking,Business Application,Enhancement,MF,3GL,PL/I,395.0,395.0,703.0,13.0,DB2,Don't Know
Government,Business Application,Enhancement,Multi,3GL,PL/I,234.0,234.0,5103.0,10.0,DB2,Yes
Service Industry,Business Application,Enhancement,Multi,4GL,ABAP,180.0,180.0,3069.0,4.0,DB2,Yes
Financial,Business Application,Enhancement,Multi,3GL,C#,125.0,125.0,694.0,6.0,DB2,Yes
Banking,Real-Time Application,Enhancement,PC,3GL,C,29.0,29.0,79.0,6.0,Yes,Don't Know
Service Industry,Business Application,New Development,Multi,3GL,JavaScript,399.0,399.0,7037.0,8.0,DB2,Yes
Insurance,Business Application,Enhancement,MF,3GL,Visual Basic,167.0,167.0,6398.0,3.0,DB2,Don't Know
Communication,Business Application,Enhancement,MR,3GL,C,115.0,115.0,2592.0,6.0,SYBASE,Don't Know
Banking,Business Application,New Development,MF,3GL,COBOL,499.0,499.0,10613.0,30.0,Foxpro,Yes
Insurance,Business Application,Enhancement,MR,3GL,Java,149.0,149.0,11052.0,7.0,DB2,Don't Know
Communication,Business Application,Enhancement,Multi,4GL,Visual Basic,746.0,746.0,2909.0,5.5,ORACLE,Don't Know
Service Industry,Business Application,New Development,MR,4GL,SQL,2245.0,2245.0,18314.0,12.0,ORACLE,Don't Know
Banking,Business Application,Enhancement,MF,3GL,PL/I,152.0,152.0,6294.0,12.1,IMS,Don't Know
Manufacturing,Business Application,New Development,Multi,4GL,Visual Basic,302.0,302.0,1406.0,8.4,ORACLE,Don't Know
Government,Business Application,New Development,MF,3GL,COBOL,287.0,287.0,2284.0,7.0,DB2,Yes
Electronics & Computers,Business Application,New Development,PC,3GL,Java,218.0,218.0,1562.0,4.9,ORACLE,Don't Know
Insurance,Business Application,Enhancement,MF,3GL,COBOL,49.0,49.0,423.0,7.0,Unspecified,Don't Know
Government,Business Application,Enhancement,Multi,4GL,Datastage,117.0,117.0,846.0,10.0,DB2,Yes
Government,Business Application,Enhancement,Multi,3GL,C#,254.0,254.0,1550.0,5.0,DB2,Yes
Communication,Business Application,Enhancement,MR,4GL,SQL,94.0,98.0,1313.0,11.0,ORACLE,Yes
Government,Infrastructure Software,Enhancement,PC,4GL,.Net,211.0,211.0,3566.0,13.0,DB2,Yes
Government,Business Application,New Development,PC,3GL,C#,74.0,74.0,3995.0,14.0,DB2,Yes
Communication,Business Application,New Development,Multi,4GL,Oracle,357.0,357.0,490.0,1.8,ORACLE,Don't Know
Government,Business Application,New Development,Multi,3GL,C#,2550.0,2550.0,34947.0,18.0,DB2,Yes
Insurance,Business Application,Enhancement,MF,3GL,COBOL,385.0,385.0,5138.0,3.0,DB2,Don't Know
Government,Business Application,New Development,Multi,3GL,C#,393.0,393.0,19163.0,20.0,DB2,Yes
Insurance,Business Application,Enhancement,MR,3GL,Java,49.0,49.0,3112.0,4.0,DB2,Don't Know
Communication,Business Application,New Development,Multi,4GL,DELPHI,160.0,160.0,493.0,3.3,Yes,Don't Know
Insurance,Business Application,Enhancement,Multi,4GL,Visual Basic,463.0,463.0,2303.0,2.0,MS SQL,Don't Know
Government,Business Application,Enhancement,PC,3GL,C/AL,2289.0,2289.0,3394.0,9.0,Attain,Yes
Manufacturing,Business Application,Enhancement,Multi,3GL,PL/SQL,494.0,494.0,806.0,4.4,ORACLE,Don't Know
Manufacturing,Business Application,New Development,Multi,4GL,Visual Basic,609.0,609.0,2202.0,6.0,ORACLE,Don't Know
Communication,Business Application,Enhancement,PC,3GL,Java,95.0,95.0,144.0,0.4,ORACLE,Don't Know
Insurance,Business Application,New Development,MF,3GL,COBOL,302.0,284.0,12805.0,10.0,DB2,Yes
Government,Business Application,Enhancement,Multi,3GL,Java,621.0,621.0,4656.0,8.0,ORACLE,Yes
Government,Infrastructure Software,Enhancement,Multi,4GL,ABAP,825.0,825.0,6433.0,13.0,DB2,Yes
Insurance,Business Application,Enhancement,MF,3GL,Visual Basic,147.0,147.0,6062.0,4.0,DB2,Don't Know
Communication,Real-Time Application,Enhancement,PC,3GL,C,215.0,234.0,1994.0,4.0,ORACLE,Yes
Service Industry,Business Application,New Development,Multi,3GL,C,484.0,484.0,3592.0,9.4,ORACLE,Don't Know
Insurance,Business Application,Enhancement,Multi,3GL,Visual Basic,582.0,582.0,9264.0,3.0,Unspecified,Don't Know
Insurance,Business Application,Enhancement,MF,3GL,Visual Basic,291.0,291.0,8371.0,2.9,DB2,Don't Know
Government,Business Application,New Development,MF,3GL,COBOL,659.0,712.0,16669.0,9.0,DB2,Yes
Communication,Business Application,Enhancement,MR,3GL,Java,118.0,136.0,1516.0,6.0,ORACLE,Yes
Insurance,Business Application,Enhancement,MF,3GL,COBOL,80.0,80.0,210.0,3.0,Yes,Don't Know
Service Industry,Business Application,New Development,MR,4GL,SQL,1956.0,1956.0,13728.0,12.0,ORACLE,Don't Know
Government,Business Application,Enhancement,MF,3GL,COBOL,126.0,126.0,12341.0,16.8,IMS,Yes
Insurance,Business Application,Enhancement,Multi,3GL,Visual Basic,201.0,201.0,5232.0,4.0,No,Don't Know
Government,Business Application,New Development,MF,3GL,COBOL,34.0,36.0,450.0,5.0,DB2,Yes
Banking,Business Application,Enhancement,MF,3GL,PL/I,75.0,75.0,496.0,4.0,IMS,Yes
Service Industry,Mathematically-Intensive Application,Re-development,Multi,3GL,C#,354.0,354.0,5841.0,10.0,MS SQL,Yes
Communication,Business Application,New Development,PC,3GL,Java,578.0,578.0,5226.0,4.0,ORACLE,Don't Know
Electronics & Computers,Business Application,Enhancement,Multi,3GL,C#,140.0,140.0,3064.0,6.0,MS SQL,Yes
Insurance,Business Application,Enhancement,MF,3GL,COBOL,97.0,97.0,4245.0,2.0,DB2,Don't Know
Insurance,Business Application,Enhancement,MF,3GL,Visual Basic,119.0,119.0,3337.0,4.0,DB2,Don't Know
Manufacturing,Business Application,Enhancement,MF,4GL,Lotus Notes,238.0,238.0,2187.0,15.0,Domino,Yes
Banking,Business Application,Enhancement,MF,3GL,COBOL,203.0,203.0,3219.0,5.0,IMS,Yes
Manufacturing,Business Application,New Development,Multi,4GL,Lotus Notes,639.0,639.0,2420.0,4.9,Domino,Don't Know
Financial,Business Application,New Development,PC,4GL,PowerBuilder,461.0,558.0,4112.0,6.0,ACCESS,Yes
Banking,Business Application,Enhancement,MF,3GL,PL/I,75.0,75.0,465.0,4.9,IMS,Yes
Communication,Business Application,Enhancement,MF,3GL,Java,860.0,998.0,1292.0,8.0,ORACLE,Yes
Government,Infrastructure Software,New Development,MF,4GL,ABAP,360.0,360.0,13390.0,12.0,ORACLE,Yes
Manufacturing,Business Application,New Development,Multi,4GL,Lotus Notes,287.0,287.0,3430.0,9.6,Domino,Don't Know
Government,Business Application,Enhancement,Multi,3GL,PL/I,382.0,382.0,6124.0,11.0,Unspecified,Yes
Banking,Business Application,New Development,PC,4GL,Visual Basic,247.0,247.0,1757.0,6.0,ACCESS,No
Service Industry,Business Application,New Development,Multi,3GL,C#,277.0,277.0,6809.0,9.0,No,Yes
Insurance,Business Application,Enhancement,Multi,4GL,Visual Basic,437.0,437.0,1520.0,3.0,ORACLE,Don't Know
Service Industry,Business Application,Enhancement,Multi,3GL,PL/I,148.0,148.0,2100.0,12.0,DB2,Yes
Government,Business Application,Enhancement,MF,3GL,PL/I,111.0,111.0,2200.0,13.0,DB2,Yes
Government,Business Application,New Development,Multi,3GL,C#,242.0,242.0,6057.0,10.0,DB2,Yes
Manufacturing,Business Application,Enhancement,PC,3GL,C,659.0,659.0,2479.0,5.5,MS SQL,Yes
Service Industry,Business Application,Enhancement,Multi,3GL,PL/I,87.0,87.0,1100.0,12.0,DB2,Yes
Professional Services,Business Application,New Development,Multi,4GL,PowerBuilder,616.0,616.0,5080.0,8.8,ORACLE,Don't Know
Government,Business Application,New Development,Multi,3GL,PL/I,993.0,993.0,46101.0,87.0,DB2,Yes
Financial,Business Application,Enhancement,MF,3GL,PL/I,459.0,491.0,11078.0,15.0,DB2,Yes
Banking,Business Application,New Development,MF,4GL,EASYTRIEVE,196.0,196.0,3195.0,6.0,IMS,Yes
Communication,Business Application,Enhancement,MF,3GL,Java,774.0,898.0,2372.0,6.0,ORACLE,Yes
Government,Business Application,Enhancement,PC,4GL,Visual Basic,144.0,144.0,1246.0,6.0,MS SQL,Yes
Electronics & Computers,Business Application,Enhancement,Multi,4GL,Oracle,110.0,110.0,17550.0,2.0,ORACLE,Don't Know
Banking,Business Application,New Development,MF,4GL,Visual Basic,267.0,286.0,1727.0,6.0,IMS,No
Insurance,Business Application,Enhancement,Multi,3GL,Visual Basic,146.0,146.0,5419.0,5.9,Unspecified,Don't Know
Service Industry,Business Application,Enhancement,Multi,4GL,ABAP,198.0,198.0,8012.0,11.0,No,Yes
Government,Business Application,New Development,MF,3GL,PL/I,303.0,303.0,8490.0,6.0,DB2,Yes
Government,Business Application,Enhancement,Multi,4GL,ABAP,122.0,122.0,902.0,8.0,DB2,Yes
Insurance,Business Application,Enhancement,MF,3GL,COBOL,264.0,264.0,686.0,6.0,IMS,Don't Know
Government,Business Application,New Development,Multi,3GL,Java,230.0,230.0,1248.0,6.0,ORACLE,Yes
Banking,Business Application,New Development,MR,3GL,Pro*C,344.0,344.0,13171.0,10.0,ORACLE,Don't Know
Banking,Business Application,Enhancement,MR,3GL,C++,2099.0,2099.0,17400.0,5.0,HIRDB,Don't Know
Service Industry,Business Application,Enhancement,Multi,3GL,PL/I,61.0,61.0,1488.0,12.0,DB2,Yes
Service Industry,Business Application,New Development,MF,3GL,COBOL,619.0,619.0,3995.0,6.0,Unspecified,Don't Know
Insurance,Business Application,Enhancement,MF,3GL,Visual Basic,288.0,288.0,8889.0,3.0,DB2,Don't Know
Government,Business Application,Enhancement,MF,3GL,COBOL,63.0,64.0,888.0,2.0,DB2,Yes
Government,Business Application,Enhancement,Multi,3GL,PL/I,294.0,294.0,13326.0,14.0,DB2,Yes
Professional Services,Business Application,New Development,MR,3GL,Java,633.0,633.0,5885.0,3.9,ORACLE,Don't Know
Manufacturing,Business Application,New Development,Multi,3GL,PL/SQL,2189.0,2189.0,11082.0,10.0,ORACLE,Don't Know
Communication,Real-Time Application,Enhancement,MR,3GL,C,211.0,237.0,3201.0,9.0,ORACLE,No
Government,Business Application,Enhancement,MF,3GL,COBOL,601.0,679.0,1193.0,8.0,DB2,Yes
Utilities,Business Application,New Development,MF,4GL,SQL,605.0,666.0,752.0,13.0,DB2,Yes
Insurance,Business Application,New Development,MF,3GL,COBOL,96.0,96.0,4550.0,3.0,IMS,Yes
Government,Business Application,New Development,Multi,3GL,Java,234.0,234.0,2640.0,7.0,ORACLE,Yes
Communication,Business Application,Enhancement,MR,4GL,SQL,85.0,88.0,2299.0,6.0,ORACLE,Yes
Government,Business Application,Enhancement,PC,4GL,Visual Basic,186.0,186.0,953.0,6.0,MS SQL,Yes
Government,Business Application,New Development,Multi,3GL,C#,313.0,313.0,5613.0,27.0,DB2,Yes
Service Industry,Business Application,Enhancement,Multi,4GL,ABAP,211.0,211.0,4393.0,8.0,DB2,Yes
Insurance,Business Application,Enhancement,Multi,3GL,Visual Basic,222.0,222.0,8902.0,3.0,Unspecified,Don't Know
Communication,Business Application,Enhancement,Multi,3GL,C,727.0,727.0,1406.0,3.0,SYBASE,Don't Know
Service Industry,Infrastructure Software,Enhancement,PC,3GL,C/AL,349.0,349.0,3703.0,8.0,Attain,Yes
Construction,Business Application,New Development,Multi,4GL,Visual Basic,2248.0,2248.0,13299.0,9.0,ORACLE,Don't Know
Government,Business Application,Enhancement,PC,4GL,PowerBuilder,285.0,285.0,3942.0,15.0,ORACLE,Yes
Banking,Business Application,New Development,MF,4GL,EASYTRIEVE,103.0,103.0,759.0,7.0,IMS,Yes
Government,Business Application,Enhancement,Multi,3GL,Java,156.0,156.0,1216.0,10.0,ORACLE,Yes
Wholesale & Retail,Business Application,New Development,MF,ApG,TELON,511.0,506.0,3500.0,9.0,IMS,Yes
Manufacturing,Business Application,Enhancement,MF,3GL,COBOL,987.0,987.0,1120.0,1.1,IMS,Don't Know
Medical & Health Care,Business Application,Enhancement,Multi,3GL,PL/SQL,1040.0,1040.0,4357.0,10.0,ORACLE,Don't Know
Electronics & Computers,Business Application,New Development,MF,4GL,Visual Basic,360.0,360.0,963.0,2.8,MS SQL,Don't Know
Electronics & Computers,Business Application,New Development,PC,4GL,ASP,360.0,360.0,2450.0,6.0,MS SQL,Don't Know
Communication,Business Application,New Development,Multi,4GL,Visual Basic,992.0,992.0,7800.0,13.0,MS SQL,Don't Know
Manufacturing,Business Application,New Development,Multi,4GL,Visual Basic,236.0,236.0,1350.0,5.0,Exchange,Don't Know
Insurance,Business Application,Enhancement,MF,3GL,COBOL,374.0,374.0,5072.0,2.9,DB2,Don't Know
Government,Business Application,New Development,PC,4GL,DELPHI,98.0,119.0,438.0,1.0,DB2,Yes
Government,Business Application,New Development,PC,4GL,Lotus Notes,289.0,306.0,3521.0,11.0,Domino,Yes
Insurance,Business Application,Enhancement,Multi,3GL,Visual Basic,369.0,369.0,8770.0,3.5,Unspecified,Don't Know
Government,Business Application,Enhancement,MF,3GL,PL/I,128.0,128.0,595.0,4.0,DB2,Yes
Communication,Business Application,Enhancement,PC,4GL,Oracle,81.0,84.0,2738.0,10.0,ORACLE,Yes
Insurance,Business Application,New Development,PC,3GL,Java,24.0,17.0,167.0,1.5,No,Yes
Government,Business Application,New Development,Multi,3GL,Java,649.0,649.0,4880.0,9.0,ORACLE,Yes
Communication,Business Application,Enhancement,MR,4GL,SQL,84.0,73.0,1121.0,6.0,ORACLE,No
Insurance,Business Application,Enhancement,Multi,3GL,Visual Basic,524.0,524.0,9247.0,3.0,No,Don't Know
Communication,Real-Time Application,Enhancement,PC,4GL,ASP,1157.0,1157.0,3998.0,8.9,ORACLE,Don't Know
Insurance,Business Application,Enhancement,MF,3GL,COBOL,263.0,263.0,5461.0,2.0,DB2,Don't Know
Government,Business Application,New Development,Multi,4GL,ABAP,183.0,183.0,7327.0,21.0,No,Yes
Communication,Business Application,New Development,MF,3GL,RPG,82.0,82.0,700.0,2.0,DB2,Yes
Insurance,Business Application,Enhancement,MF,3GL,COBOL,142.0,185.0,6416.0,16.0,DB2,Yes
Insurance,Business Application,Enhancement,MF,3GL,COBOL,84.0,84.0,1078.0,4.0,IMS,Don't Know
Medical & Health Care,Business Application,New Development,MR,3GL,C++,1240.0,1241.0,10222.0,15.0,WGRES,Yes
Financial,Business Application,New Development,Multi,4GL,Access,400.0,400.0,1015.0,2.9,ACCESS,Don't Know
Utilities,Real-Time Application,New Development,PC,3GL,C,1512.0,1285.0,1200.0,16.5,DB2,Yes
Service Industry,Business Application,Enhancement,Multi,4GL,ABAP,327.0,327.0,3899.0,14.0,ORACLE,Yes
Government,Business Application,Re-development,Multi,3GL,Visual Basic,447.0,447.0,29246.0,35.0,No,Yes
Manufacturing,Business Application,New Development,Multi,4GL,OutlookVBA,410.0,410.0,563.0,3.8,Exchange,Don't Know
Government,Business Application,Enhancement,Multi,3GL,COBOL,163.0,163.0,5985.0,10.0,IMS,No
Insurance,Business Application,Enhancement,MF,3GL,COBOL,128.0,128.0,2790.0,3.0,IMS,Yes
Mining,Business Application,New Development,MR,4GL,COBOL,672.0,753.0,4301.0,12.0,ORACLE,Yes
Service Industry,Business Application,Re-development,PC,3GL,C#,421.0,421.0,16788.0,15.5,DB2,Yes
Communication,Business Application,Enhancement,Multi,4GL,Visual Basic,444.0,444.0,800.0,2.5,ORACLE,Yes
Wholesale & Retail,Business Application,New Development,Multi,3GL,Pro*C,35.0,35.0,366.0,3.1,ORACLE,Don't Know
Service Industry,Business Application,Enhancement,PC,3GL,C#,74.0,74.0,3132.0,17.0,DB2,Yes
Insurance,Business Application,Enhancement,MF,3GL,COBOL,578.0,578.0,6309.0,3.0,DB2,Don't Know
Insurance,Business Application,Enhancement,MF,3GL,COBOL,40.0,40.0,859.0,5.0,IMS,Don't Know
Utilities,Business Application,New Development,MF,ApG,TELON,959.0,1093.0,7263.0,11.0,DB2,Yes
Insurance,Business Application,Enhancement,Multi,3GL,Visual Basic,671.0,671.0,8325.0,3.5,Unspecified,Don't Know
Service Industry,Business Application,Enhancement,Multi,3GL,PL/SQL,451.0,451.0,4810.0,5.8,ORACLE,Yes
Government,Business Application,Enhancement,Multi,4GL,ABAP,236.0,236.0,1076.0,4.0,DB2,Yes
Communication,Business Application,Enhancement,Multi,3GL,COBOL,90.0,109.0,310.0,7.0,ORACLE,Yes
Service Industry,Business Application,New Development,Multi,4GL,C#,411.0,411.0,10955.0,15.0,DB2,Yes
Insurance,Business Application,Enhancement,MF,3GL,Visual Basic,310.0,310.0,6160.0,3.0,DB2,Don't Know
Manufacturing,Business Application,New Development,Multi,4GL,Visual Basic,2181.0,2181.0,11853.0,10.0,ORACLE,Don't Know
Government,Business Application,New Development,Multi,4GL,Oracle,370.0,370.0,1562.0,4.6,ORACLE,Don't Know
Insurance,Business Application,Enhancement,PC,4GL,AB INITIO,59.0,44.0,744.0,6.0,ORACLE,Yes
Professional Services,Business Application,New Development,Multi,4GL,Visual Basic,66.0,66.0,310.0,2.0,ACCESS,Don't Know
Banking,Business Application,Enhancement,MF,3GL,PL/I,16.0,16.0,843.0,3.0,DB2,Don't Know
Financial,Business Application,Enhancement,MF,4GL,SQL,204.0,204.0,772.0,5.0,MS SQL,Yes
Insurance,Business Application,Enhancement,Multi,3GL,Visual Basic,279.0,279.0,3548.0,3.0,Unspecified,Don't Know
Manufacturing,Business Application,New Development,Multi,4GL,OutlookVBA,295.0,295.0,713.0,4.7,Exchange,Don't Know
Communication,Business Application,Enhancement,Multi,3GL,C,1136.0,1136.0,2811.0,3.0,SYBASE,Don't Know
Insurance,Business Application,New Development,Multi,3GL,Visual Basic,343.0,343.0,4006.0,3.0,MS SQL,Don't Know
Banking,Business Application,New Development,MF,4GL,EASYTRIEVE,190.0,190.0,2537.0,7.0,DB2,Yes
Government,Business Application,Enhancement,MF,3GL,COBOL,80.0,67.0,352.0,2.0,DB2,Yes
Communication,Business Application,Enhancement,MR,3GL,Java,95.0,93.0,1101.0,8.0,ORACLE,Yes
Financial,Business Application,Enhancement,PC,3GL,C++,1569.0,1757.0,13282.0,12.0,ORACLE,Yes
Utilities,Business Application,New Development,MR,4GL,SQL,1674.0,1825.0,1210.0,15.0,ORACLE,Yes
Electronics & Computers,Business Application,New Development,Multi,4GL,Visual Basic,268.0,268.0,1093.0,6.9,ORACLE,Don't Know
Government,Business Application,New Development,Multi,4GL,ABAP,860.0,860.0,18825.0,21.0,DB2,Yes
Banking,Business Application,Enhancement,MF,3GL,PL/I,18.0,18.0,3002.0,13.0,DB2,Don't Know
Communication,Business Application,New Development,Multi,3GL,Visual Basic,98.0,98.0,1562.0,3.1,MS SQL,Don't Know
Service Industry,Business Application,Enhancement,MF,3GL,PL/I,1806.0,1806.0,1716.0,12.0,Yes,Don't Know
Insurance,Business Application,Enhancement,MF,3GL,COBOL,632.0,632.0,8950.0,15.0,DB2,Yes
Medical & Health Care,Business Application,New Development,Multi,4GL,Visual Basic,564.0,564.0,1835.0,6.0,ACCESS,Don't Know
Government,Business Application,Enhancement,MF,3GL,PL/I,474.0,474.0,1829.0,6.0,DB2,Yes
Insurance,Business Application,Enhancement,MF,3GL,COBOL,400.0,400.0,3334.0,5.0,IMS,Don't Know
Government,Business Application,New Development,MF,3GL,COBOL,176.0,188.0,1648.0,5.0,DB2,Yes
Banking,Business Application,New Development,MF,3GL,COBOL,252.0,252.0,2101.0,4.0,IMS,Yes
Construction,Business Application,New Development,PC,4GL,PowerBuilder,502.0,477.0,2620.0,8.0,Watcom,Yes
Utilities,Business Application,New Development,Multi,4GL,Lotus Notes,147.0,147.0,1327.0,9.2,ORACLE,Don't Know
Insurance,Business Application,Enhancement,Multi,3GL,C++,199.0,199.0,1073.0,2.5,ORACLE,Don't Know
Government,Business Application,Enhancement,Multi,3GL,Java,41.0,41.0,360.0,1.0,ORACLE,Yes
Government,Business Application,Enhancement,Multi,3GL,C#,346.0,346.0,3476.0,9.0,DB2,Yes
Government,Business Application,New Development,MF,3GL,COBOL,269.0,288.0,2204.0,7.0,DB2,Yes
Banking,Business Application,Enhancement,MF,3GL,PL/I,14.0,14.0,160.0,0.4,IMS,Don't Know
Service Industry,Business Application,New Development,Multi,4GL,Visual Basic,1190.0,1190.0,5742.0,8.6,SYBASE,Don't Know
Insurance,Business Application,Enhancement,MF,3GL,COBOL,99.0,99.0,224.0,6.0,Unspecified,Don't Know
Manufacturing,Real-Time Application,New Development,PC,3GL,C,40.0,40.0,62.0,1.0,Yes,Don't Know
Government,Business Application,Enhancement,MF,3GL,PL/I,206.0,206.0,2805.0,8.0,DB2,Yes
Government,Business Application,Enhancement,MF,3GL,PL/I,76.0,76.0,827.0,4.0,DB2,Yes
Insurance,Business Application,New Development,Multi,4GL,Visual Basic,309.0,309.0,1575.0,5.9,ORACLE,Don't Know
Wholesale & Retail,Business Application,Enhancement,MR,4GL,ABAP,1149.0,1149.0,16960.0,8.0,ORACLE,Don't Know
Government,Business Application,Enhancement,MF,3GL,COBOL,136.0,136.0,1355.0,5.0,DB2,Yes
Manufacturing,Business Application,New Development,Multi,4GL,Access,125.0,125.0,550.0,2.3,ACCESS,Don't Know
Banking,Business Application,New Development,MF,3GL,COBOL,374.0,374.0,1838.0,4.0,IMS,No
Communication,Business Application,Enhancement,PC,4GL,Visual Basic,81.0,82.0,80.0,2.0,ACCESS,No
Government,Business Application,Enhancement,Multi,3GL,Unspecified,84.0,84.0,2031.0,32.0,DB2,Yes
Service Industry,Business Application,Enhancement,MF,3GL,PL/I,49.0,49.0,323.0,3.0,DB2,Yes
Government,Business Application,Enhancement,Multi,4GL,ABAP,97.0,97.0,3323.0,10.0,DB2,Yes
Construction,Business Application,Enhancement,PC,4GL,SQL,292.0,292.0,2124.0,3.0,ORACLE,Don't Know
Government,Business Application,Enhancement,PC,4GL,Visual Basic,492.0,492.0,4158.0,11.0,MS SQL,Yes
Government,Business Application,Enhancement,MF,3GL,COBOL,54.0,58.0,327.0,3.0,DB2,Yes
Insurance,Business Application,New Development,MF,3GL,COBOL,890.0,890.0,17765.0,10.0,IMS,Don't Know
Construction,Business Application,New Development,MR,3GL,PL/I,1136.0,1136.0,4997.0,5.7,ORACLE,Don't Know
Government,Business Application,Re-development,Multi,3GL,C#,112.0,112.0,2134.0,5.0,DB2,Yes
Banking,Business Application,Enhancement,Multi,3GL,COBOL,490.0,490.0,2192.0,9.0,DB2,Yes
Communication,Business Application,Enhancement,MR,4GL,SQL,410.0,426.0,646.0,2.0,ORACLE,Yes
Banking,Business Application,New Development,MF,3GL,COBOL,130.0,130.0,3904.0,39.0,IMS,Don't Know
Government,Business Application,Enhancement,Multi,4GL,ASP,73.0,73.0,2758.0,6.0,No,Yes
Manufacturing,Business Application,Enhancement,MF,3GL,COBOL,13.0,11.0,97.0,1.0,IMS,Yes
Utilities,Business Application,Enhancement,MF,3GL,PL/I,315.0,315.0,1206.0,8.0,DB2,Yes
Communication,Mathematically-Intensive Application,Enhancement,PC,3GL,C++,455.0,573.0,1904.0,6.0,ORACLE,Yes
Service Industry,Business Application,Enhancement,Multi,3GL,PL/I,117.0,117.0,3549.0,7.0,DB2,Yes
Government,Business Application,Enhancement,Multi,3GL,C#,83.0,83.0,634.0,5.0,MS SQL,Yes
Manufacturing,Business Application,Re-development,MF,3GL,COBOL,13580.0,17518.0,54620.0,14.0,DB2,Yes
Manufacturing,Business Application,New Development,Multi,4GL,Visual Basic,1510.0,1510.0,5740.0,11.0,SYBASE,Don't Know
Insurance,Business Application,Enhancement,Multi,3GL,Visual Basic,309.0,309.0,25900.0,4.9,DB2,Don't Know
Government,Business Application,Enhancement,MF,3GL,PL/I,184.0,184.0,2951.0,17.0,DB2,Yes
Banking,Business Application,Enhancement,MF,3GL,PL/I,36.0,36.0,288.0,2.2,IMS,Don't Know
Manufacturing,Business Application,New Development,PC,3GL,HTML,150.0,150.0,562.0,1.2,ORACLE,Don't Know
Communication,Business Application,Enhancement,PC,3GL,COBOL,66.0,62.0,349.0,3.0,DB2,Yes
Banking,Business Application,Enhancement,MR,3GL,C++,1174.0,1174.0,9200.0,9.0,HIRDB,Don't Know
Banking,Business Application,Enhancement,MF,3GL,PL/I,35.0,35.0,845.0,1.4,No,Don't Know
Insurance,Business Application,New Development,PC,4GL,Visual Basic,1194.0,1194.0,8162.0,10.8,MS SQL,Don't Know
Government,Business Application,Enhancement,Multi,3GL,C#,297.0,297.0,1861.0,10.0,MS SQL,Yes
Government,Business Application,Enhancement,Multi,4GL,ABAP,1021.0,1021.0,20095.0,24.0,DB2,Yes
Insurance,Business Application,New Development,Multi,4GL,Visual Basic,134.0,134.0,960.0,2.9,MS SQL,Don't Know
Financial,Business Application,New Development,Multi,4GL,SQL,787.0,787.0,4918.0,10.0,MS SQL,Yes
Government,Business Application,New Development,MF,3GL,COBOL,191.0,222.0,1674.0,3.0,DB2,Yes
Banking,Business Application,Enhancement,MF,3GL,PL/I,72.0,72.0,1796.0,2.0,IMS,Don't Know
Electronics & Computers,Business Application,Enhancement,Multi,3GL,C++,146.0,164.0,2965.0,2.5,DB2,Yes
Service Industry,Business Application,New Development,Multi,3GL,PL/SQL,1401.0,1401.0,9696.0,7.0,ORACLE,Don't Know
Banking,Business Application,New Development,MF,3GL,COBOL,407.0,407.0,9013.0,7.0,IMS,Yes
Medical & Health Care,Business Application,New Development,Multi,3GL,Pro*C,2046.0,2046.0,12259.0,9.0,ORACLE,Yes
Government,Business Application,Enhancement,MF,3GL,COBOL,15.0,13.0,176.0,2.0,DB2,Yes
Government,Business Application,Enhancement,Multi,3GL,PL/I,550.0,550.0,11580.0,5.0,DB2,Yes
Government,Business Application,Enhancement,Multi,3GL,C#,187.0,187.0,1370.0,5.0,DB2,Yes
Mining,Business Application,Enhancement,MF,4GL,Access,244.0,276.0,300.0,4.0,ACCESS,Yes
Service Industry,Business Application,New Development,MF,3GL,RPG,546.0,546.0,1600.0,4.8,DB2,Don't Know
Service Industry,Business Application,Enhancement,Multi,4GL,PowerBuilder,565.0,565.0,5709.0,12.0,ORACLE,Yes
Manufacturing,Business Application,New Development,MR,3GL,Java,724.0,724.0,3092.0,3.5,ORACLE,Don't Know
Communication,Business Application,New Development,PC,4GL,Visual Basic,365.0,380.0,3322.0,9.0,ORACLE,Yes
Professional Services,Business Application,New Development,MR,3GL,Java,427.0,427.0,3971.0,3.9,ORACLE,Don't Know
Manufacturing,Business Application,New Development,Multi,3GL,Visual Basic,1253.0,1253.0,18920.0,8.9,ORACLE,Don't Know
Insurance,Business Application,Enhancement,Multi,3GL,Visual Basic,512.0,512.0,11197.0,4.0,Unspecified,Don't Know
Insurance,Business Application,New Development,PC,3GL,COBOL,148.0,155.0,5196.0,8.0,DB2,Yes
Service Industry,Business Application,New Development,PC,3GL,C#,90.0,90.0,1963.0,17.0,DB2,Yes
Banking,Business Application,Enhancement,MF,3GL,PL/I,119.0,119.0,2321.0,11.0,IMS,Don't Know
Banking,Business Application,New Development,MF,3GL,COBOL,53.0,53.0,849.0,3.0,IMS,Yes
Insurance,Business Application,New Development,Multi,3GL,Visual Basic,97.0,97.0,1093.0,2.9,MS SQL,Don't Know
Government,Business Application,New Development,MF,3GL,Java,218.0,249.0,2390.0,6.0,DB2,Yes
Communication,Business Application,Enhancement,Multi,3GL,Java,583.0,677.0,1760.0,10.0,ORACLE,Yes
Wholesale & Retail,Business Application,Enhancement,MR,4GL,Oracle,268.0,249.0,500.0,3.0,ORACLE,No
Insurance,Business Application,New Development,MF,3GL,COBOL,869.0,869.0,16210.0,6.0,IMS,Don't Know
Government,Real-Time Application,Enhancement,MF,4GL,NATURAL,133.0,137.0,399.0,3.0,ADABAS,Yes
Professional Services,Business Application,New Development,PC,4GL,Access,517.0,579.0,784.0,7.0,ACCESS,Yes
Government,Business Application,Enhancement,Multi,4GL,ABAP,332.0,332.0,6698.0,12.0,DB2,Yes
Electronics & Computers,Business Application,Enhancement,MF,3GL,PL/I,193.0,193.0,1084.0,12.0,DB2,Yes
Utilities,Business Application,Enhancement,MF,3GL,COBOL,96.0,101.0,450.0,1.5,DB2,No
Government,Business Application,New Development,MR,4GL,SQL,1164.0,1222.0,5800.0,20.0,SYBASE,No
Communication,Business Application,Enhancement,PC,4GL,NATURAL,115.0,115.0,1764.0,6.0,DB2,Yes
Communication,Real-Time Application,Enhancement,MR,3GL,C,156.0,175.0,3434.0,10.0,ORACLE,No
Professional Services,Business Application,New Development,PC,3GL,C++,258.0,243.0,1000.0,7.0,ACCESS,No
Manufacturing,Business Application,New Development,MR,3GL,C,77.0,77.0,910.0,3.1,Yes,Don't Know
Wholesale & Retail,Business Application,Enhancement,MR,4GL,Oracle,247.0,230.0,400.0,3.0,ORACLE,No
Construction,Business Application,New Development,Multi,4GL,Visual Basic,227.0,227.0,648.0,3.2,ORACLE,Don't Know
Financial,Business Application,Enhancement,MF,4GL,NATURAL,473.0,487.0,1017.0,6.0,DB2,Yes
Banking,Business Application,Enhancement,MF,4GL,Visual Basic,162.0,105.0,774.0,3.0,ACCESS,No
Mining,Real-Time Application,Enhancement,MF,3GL,COBOL,427.0,427.0,2960.0,4.0,DB2,Don't Know
Mining,Business Application,Re-development,PC,4GL,Access,225.0,230.0,500.0,4.0,ACCESS,Yes
Manufacturing,Business Application,New Development,PC,3GL,Java,85.0,85.0,262.0,1.0,ORACLE,Don't Know
Banking,Business Application,Enhancement,MF,3GL,PL/I,23.0,23.0,480.0,1.6,IMS,Don't Know
Service Industry,Business Application,New Development,Multi,3GL,JavaScript,308.0,308.0,4190.0,17.0,DB2,Yes
Insurance,Business Application,Enhancement,Multi,3GL,Visual Basic,203.0,203.0,2577.0,2.9,MS SQL,Don't Know
Banking,Business Application,Enhancement,Multi,3GL,C++,48.0,48.0,186.0,1.9,ORACLE,Don't Know
Professional Services,Business Application,New Development,MR,4GL,Oracle,398.0,442.0,749.0,3.4,ORACLE,Yes
Banking,Business Application,New Development,MF,4GL,EASYTRIEVE,436.0,436.0,1989.0,12.0,IMS,Yes
Government,Business Application,Enhancement,Multi,4GL,ABAP,708.0,708.0,2946.0,9.0,DB2,Yes
Medical & Health Care,Business Application,Enhancement,Multi,3GL,C,117.0,117.0,308.0,2.7,ORACLE,Don't Know
Government,Business Application,Enhancement,MF,3GL,COBOL,12.0,12.0,129.0,3.0,Unspecified,Yes
Financial,Business Application,New Development,Multi,4GL,PowerBuilder,478.0,478.0,2716.0,5.8,ORACLE,Don't Know
Financial,Business Application,Enhancement,MR,3GL,COBOL,242.0,213.0,2185.0,7.0,ORACLE,No
Government,Business Application,Enhancement,MF,3GL,PL/I,96.0,96.0,1011.0,6.0,DB2,Yes
Government,Business Application,New Development,Multi,4GL,Datastage,1048.0,1048.0,7722.0,16.0,DB2,Yes
